{"sidebar-1":{"search-2":{"title":""},"recent-posts-2":{"title":"","number":3,"show_date":false},"categories-3":{"title":"Category","count":0,"hierarchical":0,"dropdown":0},"tag_cloud-2":{"title":"Tags","count":0,"taxonomy":"post_tag"},"custom_html-2":{"title":"","content":"<div class=\"sidebar__banner w-img p-relative text-center\">\r\n    <img src=\"https:\/\/shtheme.com\/demosd\/jenna2\/wp-content\/uploads\/2021\/12\/sidebar-banner-1.jpg\" alt=\"\">\r\n        <div class=\"sidebar__banner-content\">\r\n        <h4>Add Banner<\/h4>\r\n    <\/div>\r\n<\/div>"}},"sidebar-2":{"servies_menu-widget-2":{"text123":"6"},"custom_html-3":{"title":"","content":"<div class=\"services__widget-item mb-30\">\r\n  <div class=\"services__document black-bg-2 pb-5\">\r\n   <h3 class=\"services__document-title\">Download<\/h3>\r\n   <ul>\r\n    <li>\r\n     <div class=\"services__document-item d-flex align-items-start\">\r\n      <div class=\"document-icon mr-20\">\r\n       <img src=\"https:\/\/shtheme.com\/demosd\/jenna2\/wp-content\/uploads\/2021\/12\/doc.png\" alt=\"\">\r\n     <\/div>\r\n     <div class=\"document-text\">\r\n       <h5>\r\n        <a href=\"#\">Service Brochure<\/a>\r\n      <\/h5>\r\n      <div class=\"document-meta\">\r\n        <span>PDF<\/span>\r\n        <span>13 MB<\/span>\r\n      <\/div>\r\n    <\/div>\r\n  <\/div>\r\n<\/li>\r\n<li>\r\n <div class=\"services__document-item d-flex align-items-start\">\r\n  <div class=\"document-icon mr-20\">\r\n   <img src=\"https:\/\/shtheme.com\/demosd\/jenna2\/wp-content\/uploads\/2021\/12\/pdf.png\" alt=\"\">\r\n <\/div>\r\n <div class=\"document-text\">\r\n   <h5>\r\n    <a href=\"#\">Company Profile<\/a>\r\n  <\/h5>\r\n  <div class=\"document-meta\">\r\n    <span>Word<\/span>\r\n    <span>13 MB<\/span>\r\n  <\/div>\r\n<\/div>\r\n<\/div>\r\n<\/li>\r\n<\/ul>\r\n<\/div>\r\n<\/div>"},"custom_html-4":{"title":"","content":"<div class=\"services__widget-item\">\r\n  <div class=\"services__contact\">\r\n   <div class=\"services__contact-icon mb-40\">\r\n    <img src=\"https:\/\/shtheme.com\/demosd\/jenna2\/wp-content\/uploads\/2021\/12\/newbie.png\" alt=\"\">\r\n  <\/div>\r\n  <h3>Still you have some Questions?<\/h3>\r\n  <p>Please feel free to contact submitting the business inquiry<\/p>\r\n  <a href=\"#\" class=\"services-contact-btn\">\r\n    <span>\r\n     <i class=\"fas fa-phone-square-alt\"><\/i>\r\n     Contact Us\r\n   <\/span> \r\n <\/a>\r\n<\/div>\r\n<\/div>"}},"sidebar-3":{"custom_html-5":{"title":"","content":"<div class=\"portfolio__banner w-img mb-30\">\r\n   <img src=\"https:\/\/shtheme.com\/demosd\/jenna2\/wp-content\/uploads\/2021\/12\/portfolio-banner.jpg\" alt=\"\">\r\n<\/div>"},"custom_html-6":{"title":"","content":"<div class=\"portfolio__info grey-bg-13\">\r\n   <div class=\"portfolio__info-item d-flex align-items-center mb-40\">\r\n      <div class=\"portfolio__info-icon mr-20\">\r\n         <img src=\"https:\/\/shtheme.com\/demosd\/jenna2\/wp-content\/uploads\/2021\/12\/cmt.png\" alt=\"\">\r\n      <\/div>\r\n      <div class=\"portfolio__info-content\">\r\n         <h5>Name<\/h5>\r\n         <p>Web Development<\/p>\r\n      <\/div>\r\n   <\/div>\r\n   <div class=\"portfolio__info-item d-flex align-items-center mb-40\">\r\n      <div class=\"portfolio__info-icon mr-20\">\r\n         <img src=\"https:\/\/shtheme.com\/demosd\/jenna2\/wp-content\/uploads\/2021\/12\/doc-1.png\" alt=\"\">\r\n      <\/div>\r\n      <div class=\"portfolio__info-content\">\r\n         <h5>Project Type<\/h5>\r\n         <p>Web Design<\/p>\r\n      <\/div>\r\n   <\/div>\r\n   <div class=\"portfolio__info-item d-flex align-items-center mb-40\">\r\n      <div class=\"portfolio__info-icon mr-20\">\r\n         <img src=\"https:\/\/shtheme.com\/demosd\/jenna2\/wp-content\/uploads\/2021\/12\/user.png\" alt=\"\">\r\n      <\/div>\r\n      <div class=\"portfolio__info-content\">\r\n         <h5>Client<\/h5>\r\n         <p>Alex Martin Samuel <\/p>\r\n      <\/div>\r\n   <\/div>\r\n   <div class=\"portfolio__info-item d-flex align-items-center\">\r\n      <div class=\"portfolio__info-icon mr-20\">\r\n         <img src=\"https:\/\/shtheme.com\/demosd\/jenna2\/wp-content\/uploads\/2021\/12\/date.png\" alt=\"\">\r\n      <\/div>\r\n      <div class=\"portfolio__info-content\">\r\n         <h5>Handover Date<\/h5>\r\n         <p>25\/05\/2020 <\/p>\r\n      <\/div>\r\n   <\/div>\r\n<\/div>"}},"footer-widget-1":{"custom_html-7":{"title":"","content":"<div class=\"footer__widget footer__info-padding-2\">\r\n   <div class=\"footer__logo mb-25\">\r\n      <a href=\"<?php echo esc_url(home_url('\/')); ?>\">\r\n         <img src=\"https:\/\/shtheme.com\/demosd\/jenna2\/wp-content\/uploads\/2023\/08\/logo-light.png\" alt=\"\">\r\n      <\/a>\r\n   <\/div>\r\n   <div class=\"footer__widget-content\">\r\n      <div class=\"footer__info footer__info-4\">\r\n         <p>We provide one-stop solutions for all IT items; your bliss is just a click away. Star Tech trusts in quality client<\/p>\r\n         <div class=\"footer__social footer__social-3\">\r\n            <ul>\r\n               <li>\r\n                  <a href=\"https:\/\/www.facebook.com\/\"><i class=\"fab fa-facebook-f\"><\/i><\/a>\r\n               <\/li>\r\n               <li>\r\n                  <a href=\"https:\/\/twitter.com\/\"><i class=\"fab fa-twitter\"><\/i><\/a>\r\n               <\/li>\r\n               <li>\r\n                  <a href=\"https:\/\/www.linkedin.com\/\"><i class=\"fab fa-linkedin-in\"><\/i><\/a>\r\n               <\/li>\r\n               <li>\r\n                  <a href=\"https:\/\/www.instagram.com\/\"><i class=\"fab fa-instagram\"><\/i><\/a>\r\n               <\/li>\r\n            <\/ul>\r\n         <\/div>\r\n      <\/div>\r\n   <\/div>\r\n<\/div>"}},"footer-widget-2":{"custom_html-8":{"title":"","content":"<div class=\"footer__widget footer__widget-padding footer__ml-95\">\r\n   <div class=\"footer__widget-top\">\r\n      <h3 class=\"footer__widget-title footer__widget-title-3\">About Company<\/h3>\r\n   <\/div>\r\n   <div class=\"footer__widget-content\">\r\n      <div class=\"footer__link footer__link-4\">\r\n         <ul>\r\n            <li>\r\n               <a href=\"https:\/\/shtheme.com\/demosd\/jenna2\/?page_id=33\">Build  Ecommerce<\/a>\r\n            <\/li>\r\n            <li>\r\n               <a href=\"https:\/\/shtheme.com\/demosd\/jenna2\/?page_id=143\">Buy Products<\/a>\r\n            <\/li>\r\n            <li>\r\n               <a href=\"https:\/\/shtheme.com\/demosd\/jenna2\/?page_id=157\">Compare Us<\/a>\r\n            <\/li>\r\n            <li>\r\n               <a href=\"https:\/\/shtheme.com\/demosd\/jenna2\/?page_id=175\">Career<\/a>\r\n            <\/li>\r\n            <li>\r\n               <a href=\"https:\/\/shtheme.com\/demosd\/jenna2\/?page_id=88\"> About Company<\/a>\r\n            <\/li>\r\n         <\/ul>\r\n      <\/div>\r\n   <\/div>\r\n<\/div>"}},"footer-widget-3":{"custom_html-9":{"title":"","content":"<div class=\"footer__widget footer__widget-padding footer__ml-65\">\r\n   <div class=\"footer__widget-top\">\r\n      <h3 class=\"footer__widget-title footer__widget-title-3\">Useful Links<\/h3>\r\n   <\/div>\r\n   <div class=\"footer__widget-content\">\r\n      <div class=\"footer__link footer__link-4\">\r\n         <ul>\r\n            <li>\r\n               <a href=\"https:\/\/shtheme.com\/demosd\/jenna2\/?page_id=33\">Build  Ecommerce<\/a>\r\n            <\/li>\r\n            <li>\r\n               <a href=\"https:\/\/shtheme.com\/demosd\/jenna2\/?page_id=143\">Buy Products<\/a>\r\n            <\/li>\r\n            <li>\r\n               <a href=\"https:\/\/shtheme.com\/demosd\/jenna2\/?page_id=157\">Compare Us<\/a>\r\n            <\/li>\r\n            <li>\r\n               <a href=\"https:\/\/shtheme.com\/demosd\/jenna2\/?page_id=175\">Career<\/a>\r\n            <\/li>\r\n            <li>\r\n               <a href=\"https:\/\/shtheme.com\/demosd\/jenna2\/?page_id=88\"> About Company<\/a>\r\n            <\/li>\r\n         <\/ul>\r\n      <\/div>\r\n   <\/div>\r\n<\/div>"}},"footer-widget-4":{"custom_html-10":{"title":"","content":"<div class=\"footer__widget footer__widget-padding\">\r\n   <div class=\"footer__widget-top\">\r\n      <h3 class=\"footer__widget-title footer__widget-title-3\">Newsletter<\/h3>\r\n   <\/div>\r\n   <div class=\"footer__widget-content\">\r\n      <div class=\"footer__subscribe\">\r\n         [contact-form-7 id=\"1046\" title=\"Footer Form\"]\r\n      <\/div>\r\n   <\/div>\r\n<\/div>"}},"footer-1-widget-1":{"custom_html-11":{"title":"","content":"<div class=\"footer__widget footer__info-padding footer__mr-40 blue-bg\">\r\n   <div class=\"footer__logo mb-40\">\r\n      <a href=\"<?php echo esc_url(home_url('\/')); ?>\">\r\n         <img src=\"https:\/\/shtheme.com\/demosd\/jenna2\/wp-content\/uploads\/2023\/08\/logo-light.png\" alt=\"\">\r\n      <\/a>\r\n   <\/div>\r\n   <div class=\"footer__widget-content\">\r\n      <div class=\"footer__info\">\r\n         <p class=\"text-lato\">We provide one-stop solutions for all IT items; your bliss is just a click away. Star Tech trusts in quality client<\/p>\r\n         <div class=\"footer__social\">\r\n            <ul>\r\n   <li>\r\n      <a href=\"https:\/\/www.facebook.com\/\"><i class=\"fab fa-facebook-f\"><\/i><\/a>\r\n   <\/li>\r\n   <li>\r\n      <a href=\"https:\/\/twitter.com\/\"><i class=\"fab fa-twitter\"><\/i><\/a>\r\n   <\/li>\r\n   <li>\r\n      <a href=\"https:\/\/www.linkedin.com\/\"><i class=\"fab fa-linkedin-in\"><\/i><\/a>\r\n   <\/li>\r\n   <li>\r\n      <a href=\"https:\/\/www.instagram.com\/\"><i class=\"fab fa-instagram\"><\/i><\/a>\r\n   <\/li>\r\n<\/ul>\r\n         <\/div>\r\n      <\/div>\r\n   <\/div>\r\n<\/div>"}},"footer-1-widget-2":{"custom_html-12":{"title":"","content":"<div class=\"footer__widget footer__widget-padding footer__ml--20\">\r\n   <div class=\"footer__widget-top\">\r\n      <h3 class=\"footer__widget-title text-libre\">About Company<\/h3>\r\n   <\/div>\r\n   <div class=\"footer__widget-content\">\r\n      <div class=\"footer__link\">\r\n         <ul>\r\n            <li>\r\n               <a href=\"https:\/\/shtheme.com\/demosd\/jenna2\/?page_id=33\">Build  Ecommerce<\/a>\r\n            <\/li>\r\n            <li>\r\n               <a href=\"https:\/\/shtheme.com\/demosd\/jenna2\/?page_id=143\">Buy Products<\/a>\r\n            <\/li>\r\n            <li>\r\n               <a href=\"https:\/\/shtheme.com\/demosd\/jenna2\/?page_id=157\">Compare Us<\/a>\r\n            <\/li>\r\n            <li>\r\n               <a href=\"https:\/\/shtheme.com\/demosd\/jenna2\/?page_id=175\">Career<\/a>\r\n            <\/li>\r\n            <li>\r\n               <a href=\"https:\/\/shtheme.com\/demosd\/jenna2\/?page_id=88\"> About Company<\/a>\r\n            <\/li>\r\n         <\/ul>\r\n      <\/div>\r\n   <\/div>\r\n<\/div>"}},"footer-1-widget-3":{"custom_html-13":{"title":"","content":"<div class=\"footer__widget footer__widget-padding footer__ml--40\">\r\n   <div class=\"footer__widget-top\">\r\n      <h3 class=\"footer__widget-title text-libre\">Useful Links<\/h3>\r\n   <\/div>\r\n   <div class=\"footer__widget-content\">\r\n      <div class=\"footer__link\">\r\n         <ul>\r\n            <li>\r\n               <a href=\"https:\/\/shtheme.com\/demosd\/jenna2\/?page_id=33\">Build  Ecommerce<\/a>\r\n            <\/li>\r\n            <li>\r\n               <a href=\"https:\/\/shtheme.com\/demosd\/jenna2\/?page_id=143\">Buy Products<\/a>\r\n            <\/li>\r\n            <li>\r\n               <a href=\"https:\/\/shtheme.com\/demosd\/jenna2\/?page_id=157\">Compare Us<\/a>\r\n            <\/li>\r\n            <li>\r\n               <a href=\"https:\/\/shtheme.com\/demosd\/jenna2\/?page_id=175\">Career<\/a>\r\n            <\/li>\r\n            <li>\r\n               <a href=\"https:\/\/shtheme.com\/demosd\/jenna2\/?page_id=88\"> About Company<\/a>\r\n            <\/li>\r\n         <\/ul>\r\n      <\/div>\r\n   <\/div>\r\n<\/div>"}},"footer-1-widget-4":{"custom_html-14":{"title":"","content":"<div class=\"footer__widget footer__widget-padding\">\r\n   <div class=\"footer__widget-top\">\r\n      <h3 class=\"footer__widget-title text-libre\">Newsletter<\/h3>\r\n   <\/div>\r\n   <div class=\"footer__widget-content\">\r\n      <div class=\"footer__subscribe\">\r\n         [contact-form-7 id=\"1047\" title=\"Footer Form Home 1\"]\r\n      <\/div>\r\n   <\/div>\r\n<\/div>"}},"footer-2-widget-1":{"custom_html-15":{"title":"","content":"<div class=\"footer__widget footer__info-padding footer__mr-40 yellow-bg\">\r\n   <div class=\"footer__logo mb-40\">\r\n      <a href=\"<?php echo esc_url(home_url('\/')); ?>\">\r\n         <img src=\"https:\/\/shtheme.com\/demosd\/jenna2\/wp-content\/uploads\/2023\/08\/logo-light.png\" alt=\"\">\r\n      <\/a>\r\n   <\/div>\r\n   <div class=\"footer__widget-content\">\r\n      <div class=\"footer__info\">\r\n         <p>We provide one-stop solutions for all IT items; your bliss is just a click away. Star Tech trusts in quality client<\/p>\r\n         <div class=\"footer__social footer__social-2\">\r\n            <ul>\r\n               <li>\r\n                  <a href=\"https:\/\/www.facebook.com\/\"><i class=\"fab fa-facebook-f\"><\/i><\/a>\r\n               <\/li>\r\n               <li>\r\n                  <a href=\"https:\/\/twitter.com\/\"><i class=\"fab fa-twitter\"><\/i><\/a>\r\n               <\/li>\r\n               <li>\r\n                  <a href=\"https:\/\/www.linkedin.com\/\"><i class=\"fab fa-linkedin-in\"><\/i><\/a>\r\n               <\/li>\r\n               <li>\r\n                  <a href=\"https:\/\/www.instagram.com\/\"><i class=\"fab fa-instagram\"><\/i><\/a>\r\n               <\/li>\r\n            <\/ul>\r\n         <\/div>\r\n      <\/div>\r\n   <\/div>\r\n<\/div>"}},"footer-2-widget-2":{"custom_html-16":{"title":"","content":"<div class=\"footer__widget footer__widget-padding footer__ml--20\">\r\n   <div class=\"footer__widget-top\">\r\n      <h3 class=\"footer__widget-title text-libre\">About Company<\/h3>\r\n   <\/div>\r\n   <div class=\"footer__widget-content\">\r\n      <div class=\"footer__link footer__link-2\">\r\n         <ul>\r\n            <li>\r\n               <a href=\"https:\/\/shtheme.com\/demosd\/jenna2\/?page_id=33\">Build  Ecommerce<\/a>\r\n            <\/li>\r\n            <li>\r\n               <a href=\"https:\/\/shtheme.com\/demosd\/jenna2\/?page_id=143\">Buy Products<\/a>\r\n            <\/li>\r\n            <li>\r\n               <a href=\"https:\/\/shtheme.com\/demosd\/jenna2\/?page_id=157\">Compare Us<\/a>\r\n            <\/li>\r\n            <li>\r\n               <a href=\"https:\/\/shtheme.com\/demosd\/jenna2\/?page_id=175\">Career<\/a>\r\n            <\/li>\r\n            <li>\r\n               <a href=\"https:\/\/shtheme.com\/demosd\/jenna2\/?page_id=88\"> About Company<\/a>\r\n            <\/li>\r\n         <\/ul>\r\n      <\/div>\r\n   <\/div>\r\n<\/div>"}},"footer-2-widget-3":{"custom_html-17":{"title":"","content":"<div class=\"footer__widget footer__widget-padding footer__ml--40\">\r\n   <div class=\"footer__widget-top\">\r\n      <h3 class=\"footer__widget-title text-libre\">Useful Links<\/h3>\r\n   <\/div>\r\n   <div class=\"footer__widget-content\">\r\n      <div class=\"footer__link\">\r\n         <ul>\r\n            <li>\r\n               <a href=\"https:\/\/shtheme.com\/demosd\/jenna2\/?page_id=33\">Build  Ecommerce<\/a>\r\n            <\/li>\r\n            <li>\r\n               <a href=\"https:\/\/shtheme.com\/demosd\/jenna2\/?page_id=143\">Buy Products<\/a>\r\n            <\/li>\r\n            <li>\r\n               <a href=\"https:\/\/shtheme.com\/demosd\/jenna2\/?page_id=157\">Compare Us<\/a>\r\n            <\/li>\r\n            <li>\r\n               <a href=\"https:\/\/shtheme.com\/demosd\/jenna2\/?page_id=175\">Career<\/a>\r\n            <\/li>\r\n            <li>\r\n               <a href=\"https:\/\/shtheme.com\/demosd\/jenna2\/?page_id=88\"> About Company<\/a>\r\n            <\/li>\r\n         <\/ul>\r\n      <\/div>\r\n   <\/div>\r\n<\/div>"}},"footer-2-widget-4":{"custom_html-18":{"title":"","content":"<div class=\"footer__widget footer__widget-padding\">\r\n   <div class=\"footer__widget-top\">\r\n      <h3 class=\"footer__widget-title text-libre\">Newsletter<\/h3>\r\n   <\/div>\r\n   <div class=\"footer__widget-content\">\r\n      <div class=\"footer__subscribe\">\r\n         [contact-form-7 id=\"1048\" title=\"Footer Form Home 2\"]\r\n      <\/div>\r\n   <\/div>\r\n<\/div>"}},"footer-3-widget-1":{"custom_html-19":{"title":"","content":"<div class=\"footer__widget footer__info-padding-2\">\r\n   <div class=\"footer__logo mb-25\">\r\n      <a href=\"<?php echo esc_url(home_url('\/')); ?>\">\r\n         <img src=\"https:\/\/shtheme.com\/demosd\/jenna2\/wp-content\/uploads\/2023\/08\/logo-light.png\" alt=\"\">\r\n      <\/a>\r\n   <\/div>\r\n   <div class=\"footer__widget-content\">\r\n      <div class=\"footer__info footer__info-3\">\r\n         <p>We provide one-stop solutions for all IT items; your bliss is just a click away. Star Tech trusts in quality client<\/p>\r\n         <div class=\"footer__social footer__social-3\">\r\n            <ul>\r\n               <li>\r\n                  <a href=\"https:\/\/www.facebook.com\/\"><i class=\"fab fa-facebook-f\"><\/i><\/a>\r\n               <\/li>\r\n               <li>\r\n                  <a href=\"https:\/\/twitter.com\/\"><i class=\"fab fa-twitter\"><\/i><\/a>\r\n               <\/li>\r\n               <li>\r\n                  <a href=\"https:\/\/www.linkedin.com\/\"><i class=\"fab fa-linkedin-in\"><\/i><\/a>\r\n               <\/li>\r\n               <li>\r\n                  <a href=\"https:\/\/www.instagram.com\/\"><i class=\"fab fa-instagram\"><\/i><\/a>\r\n               <\/li>\r\n            <\/ul>\r\n         <\/div>\r\n      <\/div>\r\n   <\/div>\r\n<\/div>"}},"footer-3-widget-2":{"custom_html-20":{"title":"","content":"<div class=\"footer__widget footer__widget-padding footer__ml-95\">\r\n   <div class=\"footer__widget-top\">\r\n      <h3 class=\"footer__widget-title footer__widget-title-3 text-saira\">About Company<\/h3>\r\n   <\/div>\r\n   <div class=\"footer__widget-content\">\r\n      <div class=\"footer__link footer__link-3\">\r\n         <ul>\r\n            <li>\r\n               <a href=\"https:\/\/shtheme.com\/demosd\/jenna2\/?page_id=33\">Build  Ecommerce<\/a>\r\n            <\/li>\r\n            <li>\r\n               <a href=\"https:\/\/shtheme.com\/demosd\/jenna2\/?page_id=143\">Buy Products<\/a>\r\n            <\/li>\r\n            <li>\r\n               <a href=\"https:\/\/shtheme.com\/demosd\/jenna2\/?page_id=157\">Compare Us<\/a>\r\n            <\/li>\r\n            <li>\r\n               <a href=\"https:\/\/shtheme.com\/demosd\/jenna2\/?page_id=175\">Career<\/a>\r\n            <\/li>\r\n            <li>\r\n               <a href=\"https:\/\/shtheme.com\/demosd\/jenna2\/?page_id=88\"> About Company<\/a>\r\n            <\/li>\r\n         <\/ul>\r\n      <\/div>\r\n   <\/div>\r\n<\/div>"}},"footer-3-widget-3":{"custom_html-21":{"title":"","content":"<div class=\"footer__widget footer__widget-padding footer__ml-65\">\r\n   <div class=\"footer__widget-top\">\r\n      <h3 class=\"footer__widget-title footer__widget-title-3 text-saira\">Useful Links<\/h3>\r\n   <\/div>\r\n   <div class=\"footer__widget-content\">\r\n      <div class=\"footer__link footer__link-3\">\r\n         <ul>\r\n            <li>\r\n               <a href=\"https:\/\/shtheme.com\/demosd\/jenna2\/?page_id=33\">Build  Ecommerce<\/a>\r\n            <\/li>\r\n            <li>\r\n               <a href=\"https:\/\/shtheme.com\/demosd\/jenna2\/?page_id=143\">Buy Products<\/a>\r\n            <\/li>\r\n            <li>\r\n               <a href=\"https:\/\/shtheme.com\/demosd\/jenna2\/?page_id=157\">Compare Us<\/a>\r\n            <\/li>\r\n            <li>\r\n               <a href=\"https:\/\/shtheme.com\/demosd\/jenna2\/?page_id=175\">Career<\/a>\r\n            <\/li>\r\n            <li>\r\n               <a href=\"https:\/\/shtheme.com\/demosd\/jenna2\/?page_id=88\"> About Company<\/a>\r\n            <\/li>\r\n         <\/ul>\r\n      <\/div>\r\n   <\/div>\r\n<\/div>"}},"footer-3-widget-4":{"custom_html-22":{"title":"","content":"<div class=\"footer__widget footer__widget-padding\">\r\n   <div class=\"footer__widget-top\">\r\n      <h3 class=\"footer__widget-title footer__widget-title-3 text-saira\">Newsletter<\/h3>\r\n   <\/div>\r\n   <div class=\"footer__widget-content\">\r\n      <div class=\"footer__subscribe footer__subscribe-3\">\r\n         [contact-form-7 id=\"1049\" title=\"Footer Form Home 3\"]\r\n      <\/div>\r\n   <\/div>\r\n<\/div>"}},"footer-4-widget-1":{"custom_html-23":{"title":"","content":"<div class=\"footer__widget footer__info-padding-2\">\r\n   <div class=\"footer__logo mb-25\">\r\n      <a href=\"<?php echo esc_url(home_url('\/')); ?>\">\r\n         <img src=\"https:\/\/shtheme.com\/demosd\/jenna2\/wp-content\/uploads\/2023\/08\/logo-light.png\" alt=\"\">\r\n      <\/a>\r\n   <\/div>\r\n   <div class=\"footer__widget-content\">\r\n      <div class=\"footer__info footer__info-4\">\r\n         <p>We provide one-stop solutions for all IT items; your bliss is just a click away. Star Tech trusts in quality client<\/p>\r\n         <div class=\"footer__social footer__social-3\">\r\n            <ul>\r\n               <li>\r\n                  <a href=\"https:\/\/www.facebook.com\/\"><i class=\"fab fa-facebook-f\"><\/i><\/a>\r\n               <\/li>\r\n               <li>\r\n                  <a href=\"https:\/\/twitter.com\/\"><i class=\"fab fa-twitter\"><\/i><\/a>\r\n               <\/li>\r\n               <li>\r\n                  <a href=\"https:\/\/www.linkedin.com\/\"><i class=\"fab fa-linkedin-in\"><\/i><\/a>\r\n               <\/li>\r\n               <li>\r\n                  <a href=\"https:\/\/www.instagram.com\/\"><i class=\"fab fa-instagram\"><\/i><\/a>\r\n               <\/li>\r\n            <\/ul>\r\n         <\/div>\r\n      <\/div>\r\n   <\/div>\r\n<\/div>"}},"footer-4-widget-2":{"custom_html-24":{"title":"","content":"<div class=\"footer__widget footer__widget-padding footer__ml-95\">\r\n   <div class=\"footer__widget-top\">\r\n      <h3 class=\"footer__widget-title footer__widget-title-3\">About Company<\/h3>\r\n   <\/div>\r\n   <div class=\"footer__widget-content\">\r\n      <div class=\"footer__link footer__link-4\">\r\n         <ul>\r\n            <li>\r\n               <a href=\"https:\/\/shtheme.com\/demosd\/jenna2\/?page_id=33\">Build  Ecommerce<\/a>\r\n            <\/li>\r\n            <li>\r\n               <a href=\"https:\/\/shtheme.com\/demosd\/jenna2\/?page_id=143\">Buy Products<\/a>\r\n            <\/li>\r\n            <li>\r\n               <a href=\"https:\/\/shtheme.com\/demosd\/jenna2\/?page_id=157\">Compare Us<\/a>\r\n            <\/li>\r\n            <li>\r\n               <a href=\"https:\/\/shtheme.com\/demosd\/jenna2\/?page_id=175\">Career<\/a>\r\n            <\/li>\r\n            <li>\r\n               <a href=\"https:\/\/shtheme.com\/demosd\/jenna2\/?page_id=88\"> About Company<\/a>\r\n            <\/li>\r\n         <\/ul>\r\n      <\/div>\r\n   <\/div>\r\n<\/div>"}},"footer-4-widget-3":{"custom_html-25":{"title":"","content":"<div class=\"footer__widget footer__widget-padding footer__ml-65\">\r\n   <div class=\"footer__widget-top\">\r\n      <h3 class=\"footer__widget-title footer__widget-title-3\">Useful Links<\/h3>\r\n   <\/div>\r\n   <div class=\"footer__widget-content\">\r\n      <div class=\"footer__link footer__link-4\">\r\n         <ul>\r\n            <li>\r\n               <a href=\"https:\/\/shtheme.com\/demosd\/jenna2\/?page_id=33\">Build  Ecommerce<\/a>\r\n            <\/li>\r\n            <li>\r\n               <a href=\"https:\/\/shtheme.com\/demosd\/jenna2\/?page_id=143\">Buy Products<\/a>\r\n            <\/li>\r\n            <li>\r\n               <a href=\"https:\/\/shtheme.com\/demosd\/jenna2\/?page_id=157\">Compare Us<\/a>\r\n            <\/li>\r\n            <li>\r\n               <a href=\"https:\/\/shtheme.com\/demosd\/jenna2\/?page_id=175\">Career<\/a>\r\n            <\/li>\r\n            <li>\r\n               <a href=\"https:\/\/shtheme.com\/demosd\/jenna2\/?page_id=88\"> About Company<\/a>\r\n            <\/li>\r\n         <\/ul>\r\n      <\/div>\r\n   <\/div>\r\n<\/div>"}},"footer-4-widget-4":{"custom_html-26":{"title":"","content":"<div class=\"footer__widget footer__widget-padding\">\r\n   <div class=\"footer__widget-top\">\r\n      <h3 class=\"footer__widget-title footer__widget-title-3\">Newsletter<\/h3>\r\n   <\/div>\r\n   <div class=\"footer__widget-content\">\r\n      <div class=\"footer__subscribe\">\r\n         [contact-form-7 id=\"1050\" title=\"Footer Form Home 4\"]\r\n      <\/div>\r\n   <\/div>\r\n<\/div>"}},"footer-5-widget-1":{"custom_html-27":{"title":"","content":"<div class=\"footer__widget footer__info-padding-2\">\r\n   <div class=\"footer__logo mb-25\">\r\n      <a href=\"<?php echo esc_url(home_url('\/')); ?>\">\r\n         <img src=\"https:\/\/shtheme.com\/demosd\/jenna2\/wp-content\/uploads\/2023\/08\/logo-light.png\" alt=\"\">\r\n      <\/a>\r\n   <\/div>\r\n   <div class=\"footer__widget-content\">\r\n      <div class=\"footer__info footer__info-4\">\r\n         <p>We provide one-stop solutions for all IT items; your bliss is just a click away. Star Tech trusts in quality client<\/p>\r\n         <div class=\"footer__social footer__social-3\">\r\n            <ul>\r\n               <li>\r\n                  <a href=\"https:\/\/www.facebook.com\/\"><i class=\"fab fa-facebook-f\"><\/i><\/a>\r\n               <\/li>\r\n               <li>\r\n                  <a href=\"https:\/\/twitter.com\/\"><i class=\"fab fa-twitter\"><\/i><\/a>\r\n               <\/li>\r\n               <li>\r\n                  <a href=\"https:\/\/www.linkedin.com\/\"><i class=\"fab fa-linkedin-in\"><\/i><\/a>\r\n               <\/li>\r\n               <li>\r\n                  <a href=\"https:\/\/www.instagram.com\/\"><i class=\"fab fa-instagram\"><\/i><\/a>\r\n               <\/li>\r\n            <\/ul>\r\n         <\/div>\r\n      <\/div>\r\n   <\/div>\r\n<\/div>"}},"footer-5-widget-2":{"custom_html-28":{"title":"","content":"<div class=\"footer__widget footer__widget-padding footer__ml-95\">\r\n   <div class=\"footer__widget-top\">\r\n      <h3 class=\"footer__widget-title footer__widget-title-3\">About Company<\/h3>\r\n   <\/div>\r\n   <div class=\"footer__widget-content\">\r\n      <div class=\"footer__link footer__link-4\">\r\n         <ul>\r\n            <li>\r\n               <a href=\"https:\/\/shtheme.com\/demosd\/jenna2\/?page_id=33\">Build  Ecommerce<\/a>\r\n            <\/li>\r\n            <li>\r\n               <a href=\"https:\/\/shtheme.com\/demosd\/jenna2\/?page_id=143\">Buy Products<\/a>\r\n            <\/li>\r\n            <li>\r\n               <a href=\"https:\/\/shtheme.com\/demosd\/jenna2\/?page_id=157\">Compare Us<\/a>\r\n            <\/li>\r\n            <li>\r\n               <a href=\"https:\/\/shtheme.com\/demosd\/jenna2\/?page_id=175\">Career<\/a>\r\n            <\/li>\r\n            <li>\r\n               <a href=\"https:\/\/shtheme.com\/demosd\/jenna2\/?page_id=88\"> About Company<\/a>\r\n            <\/li>\r\n         <\/ul>\r\n      <\/div>\r\n   <\/div>\r\n<\/div>"}},"footer-5-widget-3":{"custom_html-29":{"title":"","content":"<div class=\"footer__widget footer__widget-padding footer__ml-65\">\r\n   <div class=\"footer__widget-top\">\r\n      <h3 class=\"footer__widget-title footer__widget-title-3\">Useful Links<\/h3>\r\n   <\/div>\r\n   <div class=\"footer__widget-content\">\r\n      <div class=\"footer__link footer__link-4\">\r\n         <ul>\r\n            <li>\r\n               <a href=\"https:\/\/shtheme.com\/demosd\/jenna2\/?page_id=33\">Build  Ecommerce<\/a>\r\n            <\/li>\r\n            <li>\r\n               <a href=\"https:\/\/shtheme.com\/demosd\/jenna2\/?page_id=143\">Buy Products<\/a>\r\n            <\/li>\r\n            <li>\r\n               <a href=\"https:\/\/shtheme.com\/demosd\/jenna2\/?page_id=157\">Compare Us<\/a>\r\n            <\/li>\r\n            <li>\r\n               <a href=\"https:\/\/shtheme.com\/demosd\/jenna2\/?page_id=175\">Career<\/a>\r\n            <\/li>\r\n            <li>\r\n               <a href=\"https:\/\/shtheme.com\/demosd\/jenna2\/?page_id=88\"> About Company<\/a>\r\n            <\/li>\r\n         <\/ul>\r\n      <\/div>\r\n   <\/div>\r\n<\/div>"}},"footer-5-widget-4":{"custom_html-30":{"title":"","content":"<div class=\"footer__widget footer__widget-padding\">\r\n   <div class=\"footer__widget-top\">\r\n      <h3 class=\"footer__widget-title footer__widget-title-3\">Newsletter<\/h3>\r\n   <\/div>\r\n   <div class=\"footer__widget-content\">\r\n      <div class=\"footer__subscribe\">\r\n         [contact-form-7 id=\"1051\" title=\"Footer Form Home 5\"]\r\n      <\/div>\r\n   <\/div>\r\n<\/div>"}},"footer-6-widget-1":{"custom_html-31":{"title":"","content":"<div class=\"footer__widget footer__info-padding footer__mr-40 red-bg\">\r\n   <div class=\"footer__logo mb-40\">\r\n      <a href=\"<?php echo esc_url(home_url('\/')); ?>\">\r\n         <img src=\"https:\/\/shtheme.com\/demosd\/jenna2\/wp-content\/uploads\/2023\/08\/logo-light.png\" alt=\"\">\r\n      <\/a>\r\n   <\/div>\r\n   <div class=\"footer__widget-content\">\r\n      <div class=\"footer__info\">\r\n         <p>We provide one-stop solutions for all IT items; your bliss is just a click away. Star Tech trusts in quality client<\/p>\r\n         <div class=\"footer__social footer__social-4\">\r\n            <ul>\r\n               <li>\r\n                  <a href=\"https:\/\/www.facebook.com\/\"><i class=\"fab fa-facebook-f\"><\/i><\/a>\r\n               <\/li>\r\n               <li>\r\n                  <a href=\"https:\/\/twitter.com\/\"><i class=\"fab fa-twitter\"><\/i><\/a>\r\n               <\/li>\r\n               <li>\r\n                  <a href=\"https:\/\/www.linkedin.com\/\"><i class=\"fab fa-linkedin-in\"><\/i><\/a>\r\n               <\/li>\r\n               <li>\r\n                  <a href=\"https:\/\/www.instagram.com\/\"><i class=\"fab fa-instagram\"><\/i><\/a>\r\n               <\/li>\r\n            <\/ul>\r\n         <\/div>\r\n      <\/div>\r\n   <\/div>\r\n<\/div>"}},"footer-6-widget-2":{"custom_html-32":{"title":"","content":"<div class=\"footer__widget footer__widget-padding footer__ml--20\">\r\n   <div class=\"footer__widget-top\">\r\n      <h3 class=\"footer__widget-title\">About Company<\/h3>\r\n   <\/div>\r\n   <div class=\"footer__widget-content\">\r\n      <div class=\"footer__link\">\r\n         <ul>\r\n            <li>\r\n               <a href=\"https:\/\/shtheme.com\/demosd\/jenna2\/?page_id=33\">Build  Ecommerce<\/a>\r\n            <\/li>\r\n            <li>\r\n               <a href=\"https:\/\/shtheme.com\/demosd\/jenna2\/?page_id=143\">Buy Products<\/a>\r\n            <\/li>\r\n            <li>\r\n               <a href=\"https:\/\/shtheme.com\/demosd\/jenna2\/?page_id=157\">Compare Us<\/a>\r\n            <\/li>\r\n            <li>\r\n               <a href=\"https:\/\/shtheme.com\/demosd\/jenna2\/?page_id=175\">Career<\/a>\r\n            <\/li>\r\n            <li>\r\n               <a href=\"https:\/\/shtheme.com\/demosd\/jenna2\/?page_id=88\"> About Company<\/a>\r\n            <\/li>\r\n         <\/ul>\r\n      <\/div>\r\n   <\/div>\r\n<\/div>"}},"footer-6-widget-3":{"custom_html-33":{"title":"","content":"<div class=\"footer__widget footer__widget-padding footer__ml--40\">\r\n   <div class=\"footer__widget-top\">\r\n      <h3 class=\"footer__widget-title\">Useful Links<\/h3>\r\n   <\/div>\r\n   <div class=\"footer__widget-content\">\r\n      <div class=\"footer__link\">\r\n         <ul>\r\n            <li>\r\n               <a href=\"https:\/\/shtheme.com\/demosd\/jenna2\/?page_id=33\">Build  Ecommerce<\/a>\r\n            <\/li>\r\n            <li>\r\n               <a href=\"https:\/\/shtheme.com\/demosd\/jenna2\/?page_id=143\">Buy Products<\/a>\r\n            <\/li>\r\n            <li>\r\n               <a href=\"https:\/\/shtheme.com\/demosd\/jenna2\/?page_id=157\">Compare Us<\/a>\r\n            <\/li>\r\n            <li>\r\n               <a href=\"https:\/\/shtheme.com\/demosd\/jenna2\/?page_id=175\">Career<\/a>\r\n            <\/li>\r\n            <li>\r\n               <a href=\"https:\/\/shtheme.com\/demosd\/jenna2\/?page_id=88\"> About Company<\/a>\r\n            <\/li>\r\n         <\/ul>\r\n      <\/div>\r\n   <\/div>\r\n<\/div>"}},"footer-6-widget-4":{"custom_html-34":{"title":"","content":"<div class=\"footer__widget footer__widget-padding\">\r\n   <div class=\"footer__widget-top\">\r\n      <h3 class=\"footer__widget-title\">Newsletter<\/h3>\r\n   <\/div>\r\n   <div class=\"footer__widget-content\">\r\n      <div class=\"footer__subscribe\">\r\n         [contact-form-7 id=\"1052\" title=\"Footer Form Home 6\"]\r\n      <\/div>\r\n   <\/div>\r\n<\/div>"}},"footer-7-widget-1":{"custom_html-35":{"title":"","content":"<div class=\"footer__widget footer__info-padding-2\">\r\n   <div class=\"footer__logo mb-25\">\r\n      <a href=\"<?php echo esc_url(home_url('\/')); ?>\">\r\n         <img src=\"https:\/\/shtheme.com\/demosd\/jenna2\/wp-content\/uploads\/2023\/08\/logo-light.png\" alt=\"\">\r\n      <\/a>\r\n   <\/div>\r\n   <div class=\"footer__widget-content\">\r\n      <div class=\"footer__info footer__info-7\">\r\n         <p>We provide one-stop solutions for all IT items; your bliss is just a click away. Star Tech trusts in quality client<\/p>\r\n         <div class=\"footer__social footer__social-7\">\r\n            <ul>\r\n               <li>\r\n                  <a href=\"https:\/\/www.facebook.com\/\"><i class=\"fab fa-facebook-f\"><\/i><\/a>\r\n               <\/li>\r\n               <li>\r\n                  <a href=\"https:\/\/twitter.com\/\"><i class=\"fab fa-twitter\"><\/i><\/a>\r\n               <\/li>\r\n               <li>\r\n                  <a href=\"https:\/\/www.linkedin.com\/\"><i class=\"fab fa-linkedin-in\"><\/i><\/a>\r\n               <\/li>\r\n               <li>\r\n                  <a href=\"https:\/\/www.instagram.com\/\"><i class=\"fab fa-instagram\"><\/i><\/a>\r\n               <\/li>\r\n            <\/ul>\r\n         <\/div>\r\n      <\/div>\r\n   <\/div>\r\n<\/div>"}},"footer-7-widget-2":{"custom_html-36":{"title":"","content":"<div class=\"footer__widget footer__widget-padding footer__ml-95\">\r\n   <div class=\"footer__widget-top\">\r\n      <h3 class=\"footer__widget-title footer__widget-title-3\">Categories<\/h3>\r\n   <\/div>\r\n   <div class=\"footer__widget-content\">\r\n      <div class=\"footer__link footer__link-7\">\r\n         <ul>\r\n            <li>\r\n               <a href=\"https:\/\/shtheme.com\/demosd\/jenna2\/?page_id=33\">Build  Ecommerce<\/a>\r\n            <\/li>\r\n            <li>\r\n               <a href=\"https:\/\/shtheme.com\/demosd\/jenna2\/?page_id=143\">Buy Products<\/a>\r\n            <\/li>\r\n            <li>\r\n               <a href=\"https:\/\/shtheme.com\/demosd\/jenna2\/?page_id=157\">Compare Us<\/a>\r\n            <\/li>\r\n            <li>\r\n               <a href=\"https:\/\/shtheme.com\/demosd\/jenna2\/?page_id=175\">Career<\/a>\r\n            <\/li>\r\n            <li>\r\n               <a href=\"https:\/\/shtheme.com\/demosd\/jenna2\/?page_id=88\"> About Company<\/a>\r\n            <\/li>\r\n         <\/ul>\r\n      <\/div>\r\n   <\/div>\r\n<\/div>"}},"footer-7-widget-3":{"custom_html-38":{"title":"","content":"<div class=\"footer__widget footer__widget-padding footer__ml-65\">\r\n   <div class=\"footer__widget-top\">\r\n      <h3 class=\"footer__widget-title footer__widget-title-3\">Useful Links<\/h3>\r\n   <\/div>\r\n   <div class=\"footer__widget-content\">\r\n      <div class=\"footer__link footer__link-7\">\r\n         <ul>\r\n            <li>\r\n               <a href=\"https:\/\/shtheme.com\/demosd\/jenna2\/?page_id=33\">Build  Ecommerce<\/a>\r\n            <\/li>\r\n            <li>\r\n               <a href=\"https:\/\/shtheme.com\/demosd\/jenna2\/?page_id=143\">Buy Products<\/a>\r\n            <\/li>\r\n            <li>\r\n               <a href=\"https:\/\/shtheme.com\/demosd\/jenna2\/?page_id=157\">Compare Us<\/a>\r\n            <\/li>\r\n            <li>\r\n               <a href=\"https:\/\/shtheme.com\/demosd\/jenna2\/?page_id=175\">Career<\/a>\r\n            <\/li>\r\n            <li>\r\n               <a href=\"https:\/\/shtheme.com\/demosd\/jenna2\/?page_id=88\"> About Company<\/a>\r\n            <\/li>\r\n         <\/ul>\r\n      <\/div>\r\n   <\/div>\r\n<\/div>"}},"footer-7-widget-4":{"custom_html-37":{"title":"","content":"<div class=\"footer__widget footer__widget-padding\">\r\n   <div class=\"footer__widget-top\">\r\n      <h3 class=\"footer__widget-title footer__widget-title-3\">Popular Courses<\/h3>\r\n   <\/div>\r\n   <div class=\"footer__widget-content\">\r\n      <div class=\"course__sm\">\r\n         <ul>\r\n            <li class=\"course__sm-item d-flex align-items-center mb-25\">\r\n               <div class=\"course__sm-thumb mr-20\">\r\n                  <a href=\"https:\/\/shtheme.com\/demosd\/jenna2\/?page_id=33\">\r\n                     <img src=\"https:\/\/shtheme.com\/demosd\/jenna2\/wp-content\/uploads\/2022\/01\/course-sm-1.jpg\" alt=\"\">\r\n                  <\/a>\r\n               <\/div>\r\n               <div class=\"course__sm-content\">\r\n                  <h3 class=\"course__sm-title\">\r\n                     <a href=\"https:\/\/shtheme.com\/demosd\/jenna2\/?page_id=33\">Music Category Inside Your Mind<\/a>\r\n                  <\/h3>\r\n                  <div class=\"course__sm-meta\">\r\n                     <span>$20.00<\/span>\r\n                     <span>By : Nirob<\/span>\r\n                  <\/div>\r\n               <\/div>\r\n            <\/li>\r\n            <li class=\"course__sm-item d-flex align-items-center mb-25\">\r\n               <div class=\"course__sm-thumb mr-20\">\r\n                  <a href=\"https:\/\/shtheme.com\/demosd\/jenna2\/?page_id=143\">\r\n                     <img src=\"https:\/\/shtheme.com\/demosd\/jenna2\/wp-content\/uploads\/2022\/01\/course-sm-2.jpg\" alt=\"\">\r\n                  <\/a>\r\n               <\/div>\r\n               <div class=\"course__sm-content\">\r\n                  <h3 class=\"course__sm-title\">\r\n                     <a href=\"https:\/\/shtheme.com\/demosd\/jenna2\/?page_id=143\">Microsoft Advanced Excel, Word & PowerPoint <\/a>\r\n                  <\/h3>\r\n                  <div class=\"course__sm-meta\">\r\n                     <span>$10.00<\/span>\r\n                     <span>By : Asim Babu<\/span>\r\n                  <\/div>\r\n               <\/div>\r\n            <\/li>\r\n            <li class=\"course__sm-item d-flex align-items-center\">\r\n               <div class=\"course__sm-thumb mr-20\">\r\n                  <a href=\"https:\/\/shtheme.com\/demosd\/jenna2\/?page_id=157\">\r\n                     <img src=\"https:\/\/shtheme.com\/demosd\/jenna2\/wp-content\/uploads\/2022\/01\/course-sm-3.jpg\" alt=\"\">\r\n                  <\/a>\r\n               <\/div>\r\n               <div class=\"course__sm-content\">\r\n                  <h3 class=\"course__sm-title\">\r\n                     <a href=\"https:\/\/shtheme.com\/demosd\/jenna2\/?page_id=157\">3D Drawing With Sketch For Beginners <\/a>\r\n                  <\/h3>\r\n                  <div class=\"course__sm-meta\">\r\n                     <span>$25.00<\/span>\r\n                     <span>By : Nirob<\/span>\r\n                  <\/div>\r\n               <\/div>\r\n            <\/li>\r\n         <\/ul>\r\n      <\/div>\r\n   <\/div>\r\n<\/div>"}},"footer-8-widget-1":{"custom_html-39":{"title":"","content":"<div class=\"footer__widget footer__info-padding-2\">\r\n   <div class=\"footer__logo mb-25\">\r\n      <a href=\"<?php echo esc_url(home_url('\/')); ?>\">\r\n         <img src=\"https:\/\/shtheme.com\/demosd\/jenna2\/wp-content\/uploads\/2023\/08\/logo-dark.png\" alt=\"\">\r\n      <\/a>\r\n   <\/div>\r\n   <div class=\"footer__widget-content\">\r\n      <div class=\"footer__info footer__info-8\">\r\n         <p>We provide one-stop solutions for all IT items; your bliss is just a click away. Star Tech trusts in quality client<\/p>\r\n         <div class=\"footer__social footer__social-8\">\r\n            <ul>\r\n               <li>\r\n                  <a href=\"https:\/\/www.facebook.com\/\"><i class=\"fab fa-facebook-f\"><\/i><\/a>\r\n               <\/li>\r\n               <li>\r\n                  <a href=\"https:\/\/twitter.com\/\"><i class=\"fab fa-twitter\"><\/i><\/a>\r\n               <\/li>\r\n               <li>\r\n                  <a href=\"https:\/\/www.linkedin.com\/\"><i class=\"fab fa-linkedin-in\"><\/i><\/a>\r\n               <\/li>\r\n               <li>\r\n                  <a href=\"https:\/\/www.instagram.com\/\"><i class=\"fab fa-instagram\"><\/i><\/a>\r\n               <\/li>\r\n            <\/ul>\r\n         <\/div>\r\n      <\/div>\r\n   <\/div>\r\n<\/div>"}},"footer-8-widget-2":{"custom_html-41":{"title":"","content":"<div class=\"footer__widget footer__widget-padding footer__ml-95\">\r\n   <div class=\"footer__widget-top\">\r\n      <h3 class=\"footer__widget-title footer__widget-title-3 footer__widget-title-8\">Categories<\/h3>\r\n   <\/div>\r\n   <div class=\"footer__widget-content\">\r\n      <div class=\"footer__link footer__link-8\">\r\n         <ul>\r\n            <li>\r\n               <a href=\"https:\/\/shtheme.com\/demosd\/jenna2\/?page_id=33\">Build  Ecommerce<\/a>\r\n            <\/li>\r\n            <li>\r\n               <a href=\"https:\/\/shtheme.com\/demosd\/jenna2\/?page_id=143\">Buy Products<\/a>\r\n            <\/li>\r\n            <li>\r\n               <a href=\"https:\/\/shtheme.com\/demosd\/jenna2\/?page_id=157\">Compare Us<\/a>\r\n            <\/li>\r\n            <li>\r\n               <a href=\"https:\/\/shtheme.com\/demosd\/jenna2\/?page_id=175\">Career<\/a>\r\n            <\/li>\r\n            <li>\r\n               <a href=\"https:\/\/shtheme.com\/demosd\/jenna2\/?page_id=88\"> About Company<\/a>\r\n            <\/li>\r\n         <\/ul>\r\n      <\/div>\r\n   <\/div>\r\n<\/div>"}},"footer-8-widget-3":{"custom_html-40":{"title":"","content":"<div class=\"footer__widget footer__widget-padding footer__ml-65\">\r\n   <div class=\"footer__widget-top\">\r\n      <h3 class=\"footer__widget-title footer__widget-title-3 footer__widget-title-8\">Useful Links<\/h3>\r\n   <\/div>\r\n   <div class=\"footer__widget-content\">\r\n      <div class=\"footer__link footer__link-8\">\r\n         <ul>\r\n            <li>\r\n               <a href=\"https:\/\/shtheme.com\/demosd\/jenna2\/?page_id=33\">Build  Ecommerce<\/a>\r\n            <\/li>\r\n            <li>\r\n               <a href=\"https:\/\/shtheme.com\/demosd\/jenna2\/?page_id=143\">Buy Products<\/a>\r\n            <\/li>\r\n            <li>\r\n               <a href=\"https:\/\/shtheme.com\/demosd\/jenna2\/?page_id=157\">Compare Us<\/a>\r\n            <\/li>\r\n            <li>\r\n               <a href=\"https:\/\/shtheme.com\/demosd\/jenna2\/?page_id=175\">Career<\/a>\r\n            <\/li>\r\n            <li>\r\n               <a href=\"https:\/\/shtheme.com\/demosd\/jenna2\/?page_id=88\"> About Company<\/a>\r\n            <\/li>\r\n         <\/ul>\r\n      <\/div>\r\n   <\/div>\r\n<\/div>"}},"footer-8-widget-4":{"custom_html-42":{"title":"","content":"<div class=\"footer__widget footer__widget-padding\">\r\n   <div class=\"footer__widget-top\">\r\n      <h3 class=\"footer__widget-title footer__widget-title-3 footer__widget-title-8\">Popular Courses<\/h3>\r\n   <\/div>\r\n   <div class=\"footer__widget-content\">\r\n      <div class=\"course__sm\">\r\n         <ul>\r\n            <li class=\"course__sm-item d-flex align-items-center mb-25\">\r\n               <div class=\"course__sm-thumb mr-20\">\r\n                  <a href=\"https:\/\/shtheme.com\/demosd\/jenna2\/?page_id=33\">\r\n                     <img src=\"https:\/\/shtheme.com\/demosd\/jenna2\/wp-content\/uploads\/2022\/01\/course-sm-1.jpg\" alt=\"\">\r\n                  <\/a>\r\n               <\/div>\r\n               <div class=\"course__sm-content\">\r\n                  <h3 class=\"course__sm-title course__sm-title-2\">\r\n                     <a href=\"https:\/\/shtheme.com\/demosd\/jenna2\/?page_id=33\">Music Category Inside Your Mind<\/a>\r\n                  <\/h3>\r\n                  <div class=\"course__sm-meta\">\r\n                     <span>$20.00<\/span>\r\n                     <span>By : Nirob<\/span>\r\n                  <\/div>\r\n               <\/div>\r\n            <\/li>\r\n            <li class=\"course__sm-item d-flex align-items-center mb-25\">\r\n               <div class=\"course__sm-thumb mr-20\">\r\n                  <a href=\"https:\/\/shtheme.com\/demosd\/jenna2\/?page_id=143\">\r\n                     <img src=\"https:\/\/shtheme.com\/demosd\/jenna2\/wp-content\/uploads\/2022\/01\/course-sm-2.jpg\" alt=\"\">\r\n                  <\/a>\r\n               <\/div>\r\n               <div class=\"course__sm-content\">\r\n                  <h3 class=\"course__sm-title course__sm-title-2\">\r\n                     <a href=\"https:\/\/shtheme.com\/demosd\/jenna2\/?page_id=143\">Microsoft Advanced Excel, Word & PowerPoint <\/a>\r\n                  <\/h3>\r\n                  <div class=\"course__sm-meta\">\r\n                     <span>$10.00<\/span>\r\n                     <span>By : Asim Babu<\/span>\r\n                  <\/div>\r\n               <\/div>\r\n            <\/li>\r\n            <li class=\"course__sm-item d-flex align-items-center\">\r\n               <div class=\"course__sm-thumb mr-20\">\r\n                  <a href=\"https:\/\/shtheme.com\/demosd\/jenna2\/?page_id=157\">\r\n                     <img src=\"https:\/\/shtheme.com\/demosd\/jenna2\/wp-content\/uploads\/2022\/01\/course-sm-3.jpg\" alt=\"\">\r\n                  <\/a>\r\n               <\/div>\r\n               <div class=\"course__sm-content\">\r\n                  <h3 class=\"course__sm-title course__sm-title-2\">\r\n                     <a href=\"https:\/\/shtheme.com\/demosd\/jenna2\/?page_id=157\">3D Drawing With Sketch For Beginners <\/a>\r\n                  <\/h3>\r\n                  <div class=\"course__sm-meta\">\r\n                     <span>$25.00<\/span>\r\n                     <span>By : Nirob<\/span>\r\n                  <\/div>\r\n               <\/div>\r\n            <\/li>\r\n         <\/ul>\r\n      <\/div>\r\n   <\/div>\r\n<\/div>"}},"footer-9-widget-1":{"custom_html-44":{"title":"","content":"<div class=\"footer__widget footer__info-padding-2\">\r\n   <div class=\"footer__logo mb-25\">\r\n      <a href=\"<?php echo esc_url(home_url('\/')); ?>\">\r\n         <img src=\"https:\/\/shtheme.com\/demosd\/jenna2\/wp-content\/uploads\/2023\/08\/logo-light.png\" alt=\"\">\r\n      <\/a>\r\n   <\/div>\r\n   <div class=\"footer__widget-content\">\r\n      <div class=\"footer__info footer__info-4\">\r\n         <p>We provide one-stop solutions for all IT items; your bliss is just a click away. Star Tech trusts in quality client<\/p>\r\n         <div class=\"footer__social footer__social-3 footer__social-9\">\r\n            <ul>\r\n               <li>\r\n                  <a href=\"https:\/\/www.facebook.com\/\"><i class=\"fab fa-facebook-f\"><\/i><\/a>\r\n               <\/li>\r\n               <li>\r\n                  <a href=\"https:\/\/twitter.com\/\"><i class=\"fab fa-twitter\"><\/i><\/a>\r\n               <\/li>\r\n               <li>\r\n                  <a href=\"https:\/\/www.linkedin.com\/\"><i class=\"fab fa-linkedin-in\"><\/i><\/a>\r\n               <\/li>\r\n               <li>\r\n                  <a href=\"https:\/\/www.instagram.com\/\"><i class=\"fab fa-instagram\"><\/i><\/a>\r\n               <\/li>\r\n            <\/ul>\r\n         <\/div>\r\n      <\/div>\r\n   <\/div>\r\n<\/div>"}},"footer-9-widget-2":{"custom_html-43":{"title":"","content":"<div class=\"footer__widget footer__widget-padding footer__ml-95\">\r\n   <div class=\"footer__widget-top\">\r\n      <h3 class=\"footer__widget-title footer__widget-title-3\">About Company<\/h3>\r\n   <\/div>\r\n   <div class=\"footer__widget-content\">\r\n      <div class=\"footer__link footer__link-4\">\r\n         <ul>\r\n            <li>\r\n               <a href=\"https:\/\/shtheme.com\/demosd\/jenna2\/?page_id=33\">Build  Ecommerce<\/a>\r\n            <\/li>\r\n            <li>\r\n               <a href=\"https:\/\/shtheme.com\/demosd\/jenna2\/?page_id=143\">Buy Products<\/a>\r\n            <\/li>\r\n            <li>\r\n               <a href=\"https:\/\/shtheme.com\/demosd\/jenna2\/?page_id=157\">Compare Us<\/a>\r\n            <\/li>\r\n            <li>\r\n               <a href=\"https:\/\/shtheme.com\/demosd\/jenna2\/?page_id=175\">Career<\/a>\r\n            <\/li>\r\n            <li>\r\n               <a href=\"https:\/\/shtheme.com\/demosd\/jenna2\/?page_id=88\"> About Company<\/a>\r\n            <\/li>\r\n         <\/ul>\r\n      <\/div>\r\n   <\/div>\r\n<\/div>"}},"footer-9-widget-3":{"custom_html-46":{"title":"","content":"<div class=\"footer__widget footer__widget-padding footer__ml-65\">\r\n   <div class=\"footer__widget-top\">\r\n      <h3 class=\"footer__widget-title footer__widget-title-3\">Useful Links<\/h3>\r\n   <\/div>\r\n   <div class=\"footer__widget-content\">\r\n      <div class=\"footer__link footer__link-4\">\r\n         <ul>\r\n            <li>\r\n               <a href=\"https:\/\/shtheme.com\/demosd\/jenna2\/?page_id=33\">Build  Ecommerce<\/a>\r\n            <\/li>\r\n            <li>\r\n               <a href=\"https:\/\/shtheme.com\/demosd\/jenna2\/?page_id=143\">Buy Products<\/a>\r\n            <\/li>\r\n            <li>\r\n               <a href=\"https:\/\/shtheme.com\/demosd\/jenna2\/?page_id=157\">Compare Us<\/a>\r\n            <\/li>\r\n            <li>\r\n               <a href=\"https:\/\/shtheme.com\/demosd\/jenna2\/?page_id=175\">Career<\/a>\r\n            <\/li>\r\n            <li>\r\n               <a href=\"https:\/\/shtheme.com\/demosd\/jenna2\/?page_id=88\"> About Company<\/a>\r\n            <\/li>\r\n         <\/ul>\r\n      <\/div>\r\n   <\/div>\r\n<\/div>"}},"footer-9-widget-4":{"custom_html-45":{"title":"","content":"<div class=\"footer__widget footer__widget-padding\">\r\n   <div class=\"footer__widget-top\">\r\n      <h3 class=\"footer__widget-title footer__widget-title-3\">Newsletter<\/h3>\r\n   <\/div>\r\n   <div class=\"footer__widget-content\">\r\n      <div class=\"footer__subscribe\">\r\n         [contact-form-7 id=\"1059\" title=\"Footer Form Home 9\"]\r\n      <\/div>\r\n   <\/div>\r\n<\/div>"}},"footer-10-widget-1":{"custom_html-47":{"title":"","content":"<div class=\"footer__widget footer__info-padding-2\">\r\n   <div class=\"footer__logo mb-25\">\r\n      <a href=\"<?php echo esc_url(home_url('\/')); ?>\">\r\n         <img src=\"https:\/\/shtheme.com\/demosd\/jenna2\/wp-content\/uploads\/2023\/08\/logo-light.png\" alt=\"\">\r\n      <\/a>\r\n   <\/div>\r\n   <div class=\"footer__widget-content\">\r\n      <div class=\"footer__info footer__info-4\">\r\n         <p>We provide one-stop solutions for all IT items; your bliss is just a click away. Star Tech trusts in quality client<\/p>\r\n         <div class=\"footer__social footer__social-3 footer__social-9\">\r\n            <ul>\r\n               <li>\r\n                  <a href=\"https:\/\/www.facebook.com\/\"><i class=\"fab fa-facebook-f\"><\/i><\/a>\r\n               <\/li>\r\n               <li>\r\n                  <a href=\"https:\/\/twitter.com\/\"><i class=\"fab fa-twitter\"><\/i><\/a>\r\n               <\/li>\r\n               <li>\r\n                  <a href=\"https:\/\/www.linkedin.com\/\"><i class=\"fab fa-linkedin-in\"><\/i><\/a>\r\n               <\/li>\r\n               <li>\r\n                  <a href=\"https:\/\/www.instagram.com\/\"><i class=\"fab fa-instagram\"><\/i><\/a>\r\n               <\/li>\r\n            <\/ul>\r\n         <\/div>\r\n      <\/div>\r\n   <\/div>\r\n<\/div>"}},"footer-10-widget-2":{"custom_html-48":{"title":"","content":"<div class=\"footer__widget footer__widget-padding footer__ml-95\">\r\n   <div class=\"footer__widget-top\">\r\n      <h3 class=\"footer__widget-title footer__widget-title-3\">About Company<\/h3>\r\n   <\/div>\r\n   <div class=\"footer__widget-content\">\r\n      <div class=\"footer__link footer__link-4\">\r\n         <ul>\r\n            <li>\r\n               <a href=\"https:\/\/shtheme.com\/demosd\/jenna2\/?page_id=33\">Build  Ecommerce<\/a>\r\n            <\/li>\r\n            <li>\r\n               <a href=\"https:\/\/shtheme.com\/demosd\/jenna2\/?page_id=143\">Buy Products<\/a>\r\n            <\/li>\r\n            <li>\r\n               <a href=\"https:\/\/shtheme.com\/demosd\/jenna2\/?page_id=157\">Compare Us<\/a>\r\n            <\/li>\r\n            <li>\r\n               <a href=\"https:\/\/shtheme.com\/demosd\/jenna2\/?page_id=175\">Career<\/a>\r\n            <\/li>\r\n            <li>\r\n               <a href=\"https:\/\/shtheme.com\/demosd\/jenna2\/?page_id=88\"> About Company<\/a>\r\n            <\/li>\r\n         <\/ul>\r\n      <\/div>\r\n   <\/div>\r\n<\/div>"}},"footer-10-widget-3":{"custom_html-49":{"title":"","content":"<div class=\"footer__widget footer__widget-padding footer__ml-65\">\r\n   <div class=\"footer__widget-top\">\r\n      <h3 class=\"footer__widget-title footer__widget-title-3\">Useful Links<\/h3>\r\n   <\/div>\r\n   <div class=\"footer__widget-content\">\r\n      <div class=\"footer__link footer__link-4\">\r\n         <ul>\r\n            <li>\r\n               <a href=\"https:\/\/shtheme.com\/demosd\/jenna2\/?page_id=33\">Build  Ecommerce<\/a>\r\n            <\/li>\r\n            <li>\r\n               <a href=\"https:\/\/shtheme.com\/demosd\/jenna2\/?page_id=143\">Buy Products<\/a>\r\n            <\/li>\r\n            <li>\r\n               <a href=\"https:\/\/shtheme.com\/demosd\/jenna2\/?page_id=157\">Compare Us<\/a>\r\n            <\/li>\r\n            <li>\r\n               <a href=\"https:\/\/shtheme.com\/demosd\/jenna2\/?page_id=175\">Career<\/a>\r\n            <\/li>\r\n            <li>\r\n               <a href=\"https:\/\/shtheme.com\/demosd\/jenna2\/?page_id=88\"> About Company<\/a>\r\n            <\/li>\r\n         <\/ul>\r\n      <\/div>\r\n   <\/div>\r\n<\/div>"}},"footer-10-widget-4":{"custom_html-50":{"title":"","content":"<div class=\"footer__widget footer__widget-padding\">\r\n   <div class=\"footer__widget-top\">\r\n      <h3 class=\"footer__widget-title footer__widget-title-3\">Newsletter<\/h3>\r\n   <\/div>\r\n   <div class=\"footer__widget-content\">\r\n      <div class=\"footer__subscribe\">\r\n         [contact-form-7 id=\"1060\" title=\"Footer Form Home 10\"]\r\n      <\/div>\r\n   <\/div>\r\n<\/div>"}},"footer-11-widget-1":{"custom_html-51":{"title":"","content":"<div class=\"footer__widget footer__info-padding-2\">\r\n   <div class=\"footer__widget-top\">\r\n      <h3 class=\"footer__widget-title footer__widget-title-3 footer__widget-title-11\">Get in Touch<\/h3>\r\n   <\/div>\r\n   <div class=\"footer__widget-content\">\r\n      <div class=\"footer__contact-2\">\r\n         <ul>\r\n            <li class=\"d-flex align-items-start\">\r\n               <div class=\"footer__contact-icon\">\r\n                  <i class=\"fal fa-phone-alt\"><\/i>\r\n               <\/div>\r\n               <div class=\"footer__contact-content\">\r\n                  <a href=\"tel:+555-202-307-895\">+673 853 605 985<\/a>\r\n                  <a href=\"tel:+555-202-307-895\">+555 202 307 895<\/a>\r\n               <\/div>\r\n            <\/li>\r\n            <li class=\"d-flex align-items-start\">\r\n               <div class=\"footer__contact-icon\">\r\n                  <i class=\"fal fa-envelope\"><\/i>\r\n               <\/div>\r\n               <div class=\"footer__contact-content\">\r\n                  <a href=\"mailto:info@busicocons.com\">info@example.com<\/a>\r\n                  <a href=\"mailto:info@busicocons.com\">info@busicocons.com<\/a>\r\n               <\/div>\r\n            <\/li>\r\n            <li class=\"d-flex align-items-start\">\r\n               <div class=\"footer__contact-icon\">\r\n                  <i class=\"fal fa-map-marker-alt\"><\/i>\r\n               <\/div>\r\n               <div class=\"footer__contact-content\">\r\n                  <a target=\"_blank\" href=\"https:\/\/www.google.com\/maps\/place\/Dhaka\/@23.7806207,90.3492859,12z\/data=!3m1!4b1!4m5!3m4!1s0x3755b8b087026b81:0x8fa563bbdd5904c2!8m2!3d23.8104753!4d90.4119873\">7300-7398 Colonial Rd, Brooklyn, \r\n                  NY 11209<\/a>\r\n               <\/div>\r\n            <\/li>\r\n         <\/ul>\r\n      <\/div>\r\n   <\/div>\r\n<\/div>"}},"footer-11-widget-2":{"custom_html-52":{"title":"","content":"<div class=\"footer__widget footer__widget-padding footer__widget-padding-2 footer__ml-55\">\r\n   <div class=\"footer__widget-top\">\r\n      <h3 class=\"footer__widget-title footer__widget-title-3 footer__widget-title-11\">Useful Links<\/h3>\r\n   <\/div>\r\n   <div class=\"footer__widget-content\">\r\n      <div class=\"footer__link footer__link-11\">\r\n         <ul>\r\n            <li>\r\n               <a href=\"https:\/\/shtheme.com\/demosd\/jenna2\/?page_id=88\">About Company<\/a>\r\n            <\/li>\r\n            <li>\r\n               <a href=\"https:\/\/shtheme.com\/demosd\/jenna2\/?page_id=33\">Constructions<\/a>\r\n            <\/li>\r\n            <li>\r\n               <a href=\"https:\/\/shtheme.com\/demosd\/jenna2\/?page_id=143\">Development Project<\/a>\r\n            <\/li>\r\n            <li>\r\n               <a href=\"https:\/\/shtheme.com\/demosd\/jenna2\/?page_id=157\">Transportation<\/a>\r\n            <\/li>\r\n            <li>\r\n               <a href=\"https:\/\/shtheme.com\/demosd\/jenna2\/?page_id=175\">Career<\/a>\r\n            <\/li>\r\n            <li>\r\n               <a href=\"https:\/\/shtheme.com\/demosd\/jenna2\/?page_id=175\">Payment Getway<\/a>\r\n            <\/li>\r\n         <\/ul>\r\n      <\/div>\r\n   <\/div>\r\n<\/div>"}},"footer-11-widget-3":{"custom_html-53":{"title":"","content":"<div class=\"footer__widget footer__widget-padding footer__widget-padding-2\">\r\n   <div class=\"footer__widget-top\">\r\n      <h3 class=\"footer__widget-title footer__widget-title-3 footer__widget-title-11\">Useful Links<\/h3>\r\n   <\/div>\r\n   <div class=\"footer__widget-content\">\r\n      <div class=\"footer__link footer__link-11\">\r\n         <ul>\r\n            <li>\r\n               <a href=\"https:\/\/shtheme.com\/demosd\/jenna2\/?service=content-writing\">Digital Agency<\/a>\r\n            <\/li>\r\n            <li>\r\n               <a href=\"https:\/\/shtheme.com\/demosd\/jenna2\/?service=insurance-safety\">Corporate<\/a>\r\n            <\/li>\r\n            <li>\r\n               <a href=\"https:\/\/shtheme.com\/demosd\/jenna2\/?service=creative-design\">Development<\/a>\r\n            <\/li>\r\n            <li>\r\n               <a href=\"https:\/\/shtheme.com\/demosd\/jenna2\/?service=financial-solution\">Business Growth<\/a>\r\n            <\/li>\r\n            <li>\r\n               <a href=\"https:\/\/shtheme.com\/demosd\/jenna2\/?service=web-development\">Work Process<\/a>\r\n            <\/li>\r\n            <li>\r\n               <a href=\"https:\/\/shtheme.com\/demosd\/jenna2\/?service=digital-marketing\">Web Development<\/a>\r\n            <\/li>\r\n         <\/ul>\r\n      <\/div>\r\n   <\/div>\r\n<\/div>"}},"footer-11-widget-4":{"custom_html-54":{"title":"","content":"<div class=\"footer__widget footer__widget-padding footer__widget-padding-2 footer__ml-40\">\r\n   <div class=\"footer__widget-top\">\r\n      <h3 class=\"footer__widget-title footer__widget-title-3 footer__widget-title-11\">Newsletter<\/h3>\r\n   <\/div>\r\n   <div class=\"footer__widget-content\">\r\n      <div class=\"footer__subscribe\">\r\n         [contact-form-7 id=\"1061\" title=\"Footer Form Home 11\"]\r\n      <\/div>\r\n      <div class=\"footer__opening\">\r\n         <p>Opening Hours : <span>Mon - Fri:  9:30 AM - 10 PM<\/span> <\/p>\r\n      <\/div>\r\n   <\/div>\r\n<\/div>"}},"footer-11-widget-5":{"custom_html-55":{"title":"","content":"<div class=\"footer__info-wrapper-11 white-bg text-center text-lg-start\">\r\n   <div class=\"row align-items-center\">\r\n      <div class=\"col-xxl-3 col-xl-3 col-lg-2\">\r\n         <div class=\"footer__logo\">\r\n            <a href=\"<?php echo esc_url(home_url('\/')); ?>\">\r\n               <img src=\"https:\/\/shtheme.com\/demosd\/jenna2\/wp-content\/uploads\/2023\/08\/logo-dark.png\" alt=\"\">\r\n            <\/a>\r\n         <\/div>\r\n      <\/div>\r\n      <div class=\"col-xxl-6 col-xl-6 col-lg-6\">\r\n         <div class=\"footer__info-11\">\r\n            <p>Become an innovative entrepreneurial & empowered company constantly creating mission to be a world class construction company.<\/p>\r\n         <\/div>\r\n      <\/div>\r\n      <div class=\"col-xxl-3 col-xl-3 col-lg-4\">\r\n         <div class=\"footer__social footer__social-11 float-lg-end\">\r\n            <ul>\r\n               <li>\r\n                  <a href=\"https:\/\/www.facebook.com\/\"><i class=\"fab fa-facebook-f\"><\/i><\/a>\r\n               <\/li>\r\n               <li>\r\n                  <a href=\"https:\/\/twitter.com\/\"><i class=\"fab fa-twitter\"><\/i><\/a>\r\n               <\/li>\r\n               <li>\r\n                  <a href=\"https:\/\/www.linkedin.com\/\"><i class=\"fab fa-linkedin-in\"><\/i><\/a>\r\n               <\/li>\r\n               <li>\r\n                  <a href=\"https:\/\/www.instagram.com\/\"><i class=\"fab fa-instagram\"><\/i><\/a>\r\n               <\/li>\r\n            <\/ul>\r\n         <\/div>\r\n      <\/div>\r\n   <\/div>\r\n<\/div>"}}}